<?xml version="1.0" encoding="UTF-8"?>
<PeakList>
  <PeakList1D>
    <PeakList1DHeader creator="nmrsu" date="2023-04-27T04:58:38.326+01:00" expNo="10" name="Apr26-2023" owner="" procNo="1" source="/opt/topspin/data/msci/nmr">
      <PeakPickDetails>F1=16.008020ppm, F2=-4.008018ppm, MI=0.30cm, MAXI=10000.00cm, PC=1.000
      </PeakPickDetails>
    </PeakList1DHeader>
    <Peak1D F1="7.575287" intensity="1.252173e+01" type="0"/>
    <Peak1D F1="7.555840" intensity="1.500000e+01" type="0"/>
    <Peak1D F1="7.376024" intensity="7.655299e+00" type="0"/>
    <Peak1D F1="7.357075" intensity="1.488228e+01" type="0"/>
    <Peak1D F1="7.338113" intensity="8.221573e+00" type="0"/>
    <Peak1D F1="7.294698" intensity="8.947004e-01" type="0"/>
    <Peak1D F1="7.284575" intensity="1.227437e+00" type="0"/>
    <Peak1D F1="7.277369" intensity="6.870417e-01" type="0"/>
    <Peak1D F1="7.256357" intensity="4.472483e+00" type="0"/>
    <Peak1D F1="7.237684" intensity="6.509558e+00" type="0"/>
    <Peak1D F1="7.219852" intensity="2.417520e+00" type="0"/>
    <Peak1D F1="7.125097" intensity="3.518083e-01" type="0"/>
    <Peak1D F1="7.106129" intensity="3.961401e-01" type="0"/>
    <Peak1D F1="7.100849" intensity="3.676388e-01" type="0"/>
    <Peak1D F1="7.081949" intensity="4.261896e-01" type="0"/>
    <Peak1D F1="7.069670" intensity="3.485671e-01" type="0"/>
    <Peak1D F1="7.026161" intensity="6.454938e-01" type="0"/>
    <Peak1D F1="7.009091" intensity="4.343430e-01" type="0"/>
    <Peak1D F1="6.780979" intensity="7.656332e+00" type="0"/>
    <Peak1D F1="5.437286" intensity="5.488831e-01" type="0"/>
    <Peak1D F1="1.476968" intensity="5.794553e+00" type="0"/>
    <Peak1D F1="1.472492" intensity="5.791118e+00" type="0"/>
    <Peak1D F1="1.454542" intensity="1.109520e+01" type="0"/>
    <Peak1D F1="1.438575" intensity="8.557342e+00" type="0"/>
    <Peak1D F1="1.434097" intensity="8.304876e+00" type="0"/>
    <Peak1D F1="1.415567" intensity="4.447008e-01" type="0"/>
    <Peak1D F1="1.286303" intensity="4.150399e-01" type="0"/>
    <Peak1D F1="1.226314" intensity="9.450444e+00" type="0"/>
    <Peak1D F1="1.205660" intensity="1.153383e+01" type="0"/>
    <Peak1D F1="1.187920" intensity="7.130174e+00" type="0"/>
    <Peak1D F1="0.104250" intensity="6.396862e-01" type="0"/>
  </PeakList1D>
</PeakList>
