<?xml version="1.0" encoding="UTF-8"?>
<PeakList>
  <PeakList1D>
    <PeakList1DHeader creator="nmrsu" date="2023-05-04T15:11:22.528+01:00" expNo="20" name="May04-2023" owner="" procNo="1" source="/opt/topspin/data/msci/nmr">
      <PeakPickDetails>F1=16.008020ppm, F2=-4.008018ppm, MI=0.30cm, MAXI=10000.00cm, PC=1.000
      </PeakPickDetails>
    </PeakList1DHeader>
    <Peak1D F1="7.575775" intensity="1.170895e+01" type="0"/>
    <Peak1D F1="7.556725" intensity="1.424036e+01" type="0"/>
    <Peak1D F1="7.377063" intensity="7.503393e+00" type="0"/>
    <Peak1D F1="7.358279" intensity="1.500000e+01" type="0"/>
    <Peak1D F1="7.339067" intensity="8.521540e+00" type="0"/>
    <Peak1D F1="7.295310" intensity="7.023158e-01" type="0"/>
    <Peak1D F1="7.285216" intensity="7.031792e+00" type="0"/>
    <Peak1D F1="7.257178" intensity="4.726775e+00" type="0"/>
    <Peak1D F1="7.238756" intensity="6.875007e+00" type="0"/>
    <Peak1D F1="7.220460" intensity="2.632035e+00" type="0"/>
    <Peak1D F1="7.027257" intensity="3.925957e-01" type="0"/>
    <Peak1D F1="6.782140" intensity="8.289194e+00" type="0"/>
    <Peak1D F1="5.438971" intensity="3.455308e-01" type="0"/>
    <Peak1D F1="1.583902" intensity="2.168849e+00" type="0"/>
    <Peak1D F1="1.478631" intensity="4.906420e+00" type="0"/>
    <Peak1D F1="1.473938" intensity="5.087025e+00" type="0"/>
    <Peak1D F1="1.458947" intensity="8.848639e+00" type="0"/>
    <Peak1D F1="1.455255" intensity="9.481262e+00" type="0"/>
    <Peak1D F1="1.440469" intensity="7.311432e+00" type="0"/>
    <Peak1D F1="1.435463" intensity="7.232792e+00" type="0"/>
    <Peak1D F1="1.288248" intensity="4.115069e-01" type="0"/>
    <Peak1D F1="1.226209" intensity="7.853504e+00" type="0"/>
    <Peak1D F1="1.206528" intensity="9.868310e+00" type="0"/>
    <Peak1D F1="1.188557" intensity="5.848176e+00" type="0"/>
    <Peak1D F1="0.932626" intensity="3.288411e-01" type="0"/>
    <Peak1D F1="0.916033" intensity="6.858131e-01" type="0"/>
    <Peak1D F1="0.898288" intensity="3.600606e-01" type="0"/>
  </PeakList1D>
</PeakList>
