<?xml version="1.0" encoding="UTF-8"?>
<PeakList>
  <PeakList1D>
    <PeakList1DHeader creator="nmrsu" date="2023-05-24T00:49:09.348+01:00" expNo="24" name="May23-2023" owner="" procNo="1" source="/opt/topspin/data/msci/nmr">
      <PeakPickDetails>F1=251.156799ppm, F2=-31.154505ppm, MI=0.30cm, MAXI=10000.00cm, PC=1.400
      </PeakPickDetails>
    </PeakList1DHeader>
    <Peak1D F1="128.445145" intensity="8.141210e+00" type="0"/>
    <Peak1D F1="128.136932" intensity="9.000000e+00" type="0"/>
    <Peak1D F1="127.965088" intensity="7.478497e+00" type="0"/>
    <Peak1D F1="127.401382" intensity="7.563499e+00" type="0"/>
    <Peak1D F1="126.443367" intensity="4.126859e+00" type="0"/>
    <Peak1D F1="126.016190" intensity="3.452855e+00" type="0"/>
    <Peak1D F1="53.283272" intensity="3.977347e+00" type="0"/>
    <Peak1D F1="11.153365" intensity="3.809953e+00" type="0"/>
  </PeakList1D>
</PeakList>
