<?xml version="1.0" encoding="UTF-8"?>
<PeakList>
  <PeakList1D>
    <PeakList1DHeader creator="nmrsu" date="2023-05-03T17:01:51.923+01:00" expNo="40" name="May03-2023" owner="" procNo="1" source="/opt/topspin/data/msci/nmr">
      <PeakPickDetails>F1=16.008020ppm, F2=-4.008018ppm, MI=0.30cm, MAXI=10000.00cm, PC=1.000
      </PeakPickDetails>
    </PeakList1DHeader>
    <Peak1D F1="10.057595" intensity="7.261399e+00" type="0"/>
    <Peak1D F1="7.929313" intensity="4.171169e+00" type="0"/>
    <Peak1D F1="7.910971" intensity="4.697268e+00" type="0"/>
    <Peak1D F1="7.807385" intensity="3.555437e-01" type="0"/>
    <Peak1D F1="7.730109" intensity="1.090465e+00" type="0"/>
    <Peak1D F1="7.712034" intensity="1.393739e+00" type="0"/>
    <Peak1D F1="7.699934" intensity="1.165479e+00" type="0"/>
    <Peak1D F1="7.688256" intensity="1.226040e+00" type="0"/>
    <Peak1D F1="7.682084" intensity="1.469540e+00" type="0"/>
    <Peak1D F1="7.678387" intensity="1.336454e+00" type="0"/>
    <Peak1D F1="7.670497" intensity="2.491350e+00" type="0"/>
    <Peak1D F1="7.651599" intensity="1.811566e+00" type="0"/>
    <Peak1D F1="7.638321" intensity="3.061032e-01" type="0"/>
    <Peak1D F1="7.628999" intensity="3.354344e-01" type="0"/>
    <Peak1D F1="7.619179" intensity="3.591370e-01" type="0"/>
    <Peak1D F1="7.609135" intensity="6.087794e-01" type="0"/>
    <Peak1D F1="7.588912" intensity="4.343730e+00" type="0"/>
    <Peak1D F1="7.570822" intensity="1.500000e+01" type="0"/>
    <Peak1D F1="7.552242" intensity="1.397413e+01" type="0"/>
    <Peak1D F1="7.524376" intensity="1.207469e+00" type="0"/>
    <Peak1D F1="7.517069" intensity="1.254708e+00" type="0"/>
    <Peak1D F1="7.504876" intensity="1.562952e+00" type="0"/>
    <Peak1D F1="7.498039" intensity="1.467380e+00" type="0"/>
    <Peak1D F1="7.486416" intensity="7.014237e-01" type="0"/>
    <Peak1D F1="7.479412" intensity="5.888354e-01" type="0"/>
    <Peak1D F1="7.372583" intensity="8.331407e+00" type="0"/>
    <Peak1D F1="7.353983" intensity="1.381487e+01" type="0"/>
    <Peak1D F1="7.334641" intensity="7.793538e+00" type="0"/>
    <Peak1D F1="7.284946" intensity="9.918026e+00" type="0"/>
    <Peak1D F1="7.273274" intensity="3.548816e-01" type="0"/>
    <Peak1D F1="7.252617" intensity="4.186490e+00" type="0"/>
    <Peak1D F1="7.234375" intensity="6.100592e+00" type="0"/>
    <Peak1D F1="7.215900" intensity="2.315645e+00" type="0"/>
    <Peak1D F1="6.777516" intensity="7.206635e+00" type="0"/>
    <Peak1D F1="2.301853" intensity="3.176778e-01" type="0"/>
    <Peak1D F1="1.474724" intensity="4.194797e+00" type="0"/>
    <Peak1D F1="1.469590" intensity="4.230579e+00" type="0"/>
    <Peak1D F1="1.459774" intensity="6.012527e+00" type="0"/>
    <Peak1D F1="1.455115" intensity="7.358294e+00" type="0"/>
    <Peak1D F1="1.450840" intensity="7.793805e+00" type="0"/>
    <Peak1D F1="1.444672" intensity="3.666633e+00" type="0"/>
    <Peak1D F1="1.436379" intensity="6.339406e+00" type="0"/>
    <Peak1D F1="1.431094" intensity="6.222403e+00" type="0"/>
    <Peak1D F1="1.374093" intensity="2.097150e+00" type="0"/>
    <Peak1D F1="1.283498" intensity="7.261638e-01" type="0"/>
    <Peak1D F1="1.225086" intensity="6.330469e+00" type="0"/>
    <Peak1D F1="1.221596" intensity="6.271225e+00" type="0"/>
    <Peak1D F1="1.205604" intensity="7.464588e+00" type="0"/>
    <Peak1D F1="1.202065" intensity="8.060335e+00" type="0"/>
    <Peak1D F1="1.186384" intensity="4.867302e+00" type="0"/>
    <Peak1D F1="1.183853" intensity="4.729189e+00" type="0"/>
    <Peak1D F1="0.101292" intensity="3.168281e-01" type="0"/>
  </PeakList1D>
</PeakList>
