<?xml version="1.0" encoding="UTF-8"?>
<PeakList>
  <PeakList1D>
    <PeakList1DHeader creator="nmrsu" date="2023-05-24T00:28:03.700+01:00" expNo="22" name="May23-2023" owner="" procNo="1" source="/opt/topspin/data/msci/nmr">
      <PeakPickDetails>F1=251.156799ppm, F2=-31.154505ppm, MI=0.30cm, MAXI=10000.00cm, PC=1.400
      </PeakPickDetails>
    </PeakList1DHeader>
    <Peak1D F1="128.447906" intensity="1.100000e+01" type="0"/>
    <Peak1D F1="128.140274" intensity="8.917672e+00" type="0"/>
    <Peak1D F1="127.969055" intensity="7.769077e+00" type="0"/>
    <Peak1D F1="127.412445" intensity="8.019283e+00" type="0"/>
    <Peak1D F1="126.449829" intensity="4.842866e+00" type="0"/>
    <Peak1D F1="126.019638" intensity="4.802248e+00" type="0"/>
    <Peak1D F1="77.342003" intensity="1.159019e+02" type="0"/>
    <Peak1D F1="77.027504" intensity="1.173425e+02" type="0"/>
    <Peak1D F1="76.706665" intensity="1.121505e+02" type="0"/>
    <Peak1D F1="53.285591" intensity="4.881787e+00" type="0"/>
    <Peak1D F1="35.757629" intensity="4.576688e+00" type="0"/>
    <Peak1D F1="33.191772" intensity="5.228856e+00" type="0"/>
    <Peak1D F1="6.689363" intensity="5.107999e+00" type="0"/>
    <Peak1D F1="6.153774" intensity="4.579727e+00" type="0"/>
  </PeakList1D>
</PeakList>
