<?xml version="1.0" encoding="UTF-8"?>
<PeakList>
  <PeakList1D>
    <PeakList1DHeader creator="nmrsu" date="2023-05-12T16:06:44.621+01:00" expNo="20" name="May12-2023" owner="" procNo="1" source="/opt/topspin/data/msci/nmr">
      <PeakPickDetails>F1=16.008020ppm, F2=-4.008018ppm, MI=0.30cm, MAXI=10000.00cm, PC=1.000
      </PeakPickDetails>
    </PeakList1DHeader>
    <Peak1D F1="7.401573" intensity="3.426483e-01" type="0"/>
    <Peak1D F1="7.316856" intensity="4.506112e-01" type="0"/>
    <Peak1D F1="7.297931" intensity="6.061664e-01" type="0"/>
    <Peak1D F1="7.294180" intensity="6.613918e-01" type="0"/>
    <Peak1D F1="7.285113" intensity="1.500000e+01" type="0"/>
    <Peak1D F1="7.256974" intensity="3.096970e-01" type="0"/>
    <Peak1D F1="7.236301" intensity="6.072107e-01" type="0"/>
    <Peak1D F1="7.219787" intensity="4.128321e-01" type="0"/>
    <Peak1D F1="2.443567" intensity="5.447419e-01" type="0"/>
    <Peak1D F1="1.585456" intensity="7.671803e+00" type="0"/>
    <Peak1D F1="0.102052" intensity="3.261765e-01" type="0"/>
    <Peak1D F1="0.100128" intensity="3.275964e-01" type="0"/>
  </PeakList1D>
</PeakList>
