<?xml version="1.0" encoding="UTF-8"?>
<PeakList>
  <PeakList1D>
    <PeakList1DHeader creator="nmrsu" date="2023-05-24T00:38:45.467+01:00" expNo="23" name="May23-2023" owner="" procNo="1" source="/opt/topspin/data/msci/nmr">
      <PeakPickDetails>F1=251.156799ppm, F2=-31.154505ppm, MI=0.30cm, MAXI=10000.00cm, PC=1.400
      </PeakPickDetails>
    </PeakList1DHeader>
    <Peak1D F1="128.449158" intensity="8.000000e+00" type="0"/>
    <Peak1D F1="128.140350" intensity="7.428985e+00" type="0"/>
    <Peak1D F1="127.969666" intensity="3.949367e+00" type="0"/>
    <Peak1D F1="127.410049" intensity="6.017420e+00" type="0"/>
    <Peak1D F1="126.446861" intensity="3.194137e+00" type="0"/>
    <Peak1D F1="53.283573" intensity="3.728113e+00" type="0"/>
    <Peak1D F1="35.757866" intensity="-5.466265e+00" type="0"/>
    <Peak1D F1="33.194279" intensity="-5.528569e+00" type="0"/>
    <Peak1D F1="11.155232" intensity="3.551987e+00" type="0"/>
    <Peak1D F1="6.162911" intensity="-4.472359e+00" type="0"/>
  </PeakList1D>
</PeakList>
