<?xml version="1.0" encoding="UTF-8"?>
<PeakList>
  <PeakList1D>
    <PeakList1DHeader creator="nmrsu" date="2023-05-25T10:06:19.513+01:00" expNo="10" name="May25-2023" owner="" procNo="1" source="/opt/topspin/data/msci/nmr">
      <PeakPickDetails>F1=16.008020ppm, F2=-4.008018ppm, MI=0.30cm, MAXI=10000.00cm, PC=1.000
      </PeakPickDetails>
    </PeakList1DHeader>
    <Peak1D F1="7.577723" intensity="3.322415e-01" type="0"/>
    <Peak1D F1="7.559479" intensity="4.111850e-01" type="0"/>
    <Peak1D F1="7.401731" intensity="4.515522e-01" type="0"/>
    <Peak1D F1="7.316410" intensity="3.619102e-01" type="0"/>
    <Peak1D F1="7.298208" intensity="4.782959e-01" type="0"/>
    <Peak1D F1="7.285230" intensity="5.229290e+00" type="0"/>
    <Peak1D F1="7.236627" intensity="6.692287e-01" type="0"/>
    <Peak1D F1="7.219639" intensity="4.681930e-01" type="0"/>
    <Peak1D F1="1.582250" intensity="1.500000e+01" type="0"/>
    <Peak1D F1="1.276852" intensity="5.252392e-01" type="0"/>
  </PeakList1D>
</PeakList>
