<?xml version="1.0" encoding="UTF-8"?>
<PeakList>
  <PeakList1D>
    <PeakList1DHeader creator="nmrsu" date="2023-05-13T00:27:24.536+01:00" expNo="30" name="May12-2023" owner="" procNo="1" source="/opt/topspin/data/msci/nmr">
      <PeakPickDetails>F1=16.008020ppm, F2=-4.008018ppm, MI=0.30cm, MAXI=10000.00cm, PC=1.000
      </PeakPickDetails>
    </PeakList1DHeader>
    <Peak1D F1="7.401001" intensity="3.209657e-01" type="0"/>
    <Peak1D F1="7.316184" intensity="4.353905e-01" type="0"/>
    <Peak1D F1="7.297822" intensity="5.898320e-01" type="0"/>
    <Peak1D F1="7.293628" intensity="6.230660e-01" type="0"/>
    <Peak1D F1="7.284948" intensity="1.199629e+01" type="0"/>
    <Peak1D F1="7.236048" intensity="5.583223e-01" type="0"/>
    <Peak1D F1="7.219272" intensity="3.731595e-01" type="0"/>
    <Peak1D F1="2.443085" intensity="5.032339e-01" type="0"/>
    <Peak1D F1="2.197719" intensity="1.500000e+01" type="0"/>
    <Peak1D F1="1.589918" intensity="9.241555e+00" type="0"/>
    <Peak1D F1="1.276161" intensity="3.112544e-01" type="0"/>
    <Peak1D F1="0.100627" intensity="3.296376e-01" type="0"/>
    <Peak1D F1="0.092428" intensity="1.469483e+00" type="0"/>
  </PeakList1D>
</PeakList>
