Name,SMILE,pKa,B1,B5,bond_length,L,aromatic,aliphatic,superacid,sulfonic,MaxAbsEStateIndex,MaxEStateIndex,MinAbsEStateIndex,MinEStateIndex,qed,MolWt,HeavyAtomMolWt,ExactMolWt,NumValenceElectrons,NumRadicalElectrons,MaxPartialCharge,MinPartialCharge,MaxAbsPartialCharge,MinAbsPartialCharge,FpDensityMorgan1,FpDensityMorgan2,FpDensityMorgan3,BCUT2D_MWHI,BCUT2D_MWLOW,BCUT2D_CHGHI,BCUT2D_CHGLO,BCUT2D_LOGPHI,BCUT2D_LOGPLOW,BCUT2D_MRHI,BCUT2D_MRLOW,AvgIpc,BalabanJ,BertzCT,Chi0,Chi0n,Chi0v,Chi1,Chi1n,Chi1v,Chi2n,Chi2v,Chi3n,Chi3v,Chi4n,Chi4v,HallKierAlpha,Ipc,Kappa1,Kappa2,Kappa3,LabuteASA,PEOE_VSA1,PEOE_VSA10,PEOE_VSA11,PEOE_VSA12,PEOE_VSA13,PEOE_VSA14,PEOE_VSA2,PEOE_VSA3,PEOE_VSA4,PEOE_VSA5,PEOE_VSA6,PEOE_VSA7,PEOE_VSA8,PEOE_VSA9,SMR_VSA1,SMR_VSA10,SMR_VSA2,SMR_VSA3,SMR_VSA4,SMR_VSA5,SMR_VSA6,SMR_VSA7,SMR_VSA8,SMR_VSA9,SlogP_VSA1,SlogP_VSA10,SlogP_VSA11,SlogP_VSA12,SlogP_VSA2,SlogP_VSA3,SlogP_VSA4,SlogP_VSA5,SlogP_VSA6,SlogP_VSA7,SlogP_VSA8,SlogP_VSA9,TPSA,EState_VSA1,EState_VSA10,EState_VSA11,EState_VSA2,EState_VSA3,EState_VSA4,EState_VSA5,EState_VSA6,EState_VSA7,EState_VSA8,EState_VSA9,VSA_EState1,VSA_EState10,VSA_EState2,VSA_EState3,VSA_EState4,VSA_EState5,VSA_EState6,VSA_EState7,VSA_EState8,VSA_EState9,FractionCSP3,HeavyAtomCount,NHOHCount,NOCount,NumAliphaticCarbocycles,NumAliphaticHeterocycles,NumAliphaticRings,NumAromaticCarbocycles,NumAromaticHeterocycles,NumAromaticRings,NumHAcceptors,NumHDonors,NumHeteroatoms,NumRotatableBonds,NumSaturatedCarbocycles,NumSaturatedHeterocycles,NumSaturatedRings,RingCount,MolLogP,MolMR,fr_Al_COO,fr_Al_OH,fr_Al_OH_noTert,fr_ArN,fr_Ar_COO,fr_Ar_N,fr_Ar_NH,fr_Ar_OH,fr_COO,fr_COO2,fr_C_O,fr_C_O_noCOO,fr_C_S,fr_HOCCN,fr_Imine,fr_NH0,fr_NH1,fr_NH2,fr_N_O,fr_Ndealkylation1,fr_Ndealkylation2,fr_Nhpyrrole,fr_SH,fr_aldehyde,fr_alkyl_carbamate,fr_alkyl_halide,fr_allylic_oxid,fr_amide,fr_amidine,fr_aniline,fr_aryl_methyl,fr_azide,fr_azo,fr_barbitur,fr_benzene,fr_benzodiazepine,fr_bicyclic,fr_diazo,fr_dihydropyridine,fr_epoxide,fr_ester,fr_ether,fr_furan,fr_guanido,fr_halogen,fr_hdrzine,fr_hdrzone,fr_imidazole,fr_imide,fr_isocyan,fr_isothiocyan,fr_ketone,fr_ketone_Topliss,fr_lactam,fr_lactone,fr_methoxy,fr_morpholine,fr_nitrile,fr_nitro,fr_nitro_arom,fr_nitro_arom_nonortho,fr_nitroso,fr_oxazole,fr_oxime,fr_para_hydroxylation,fr_phenol,fr_phenol_noOrthoHbond,fr_phos_acid,fr_phos_ester,fr_piperdine,fr_piperzine,fr_priamide,fr_prisulfonamd,fr_pyridine,fr_quatN,fr_sulfide,fr_sulfonamd,fr_sulfone,fr_term_acetylene,fr_tetrazole,fr_thiazole,fr_thiocyan,fr_thiophene,fr_unbrch_alkane,fr_urea
pTSA,CC1=CC=C(S(O)(=O)=O)C=C1,-2.8,2.412598778,3.262795554,1.501099622,8.506360101,1,0,0,1,10.499726,10.499726,0.066574074,-4.019583333,0.648272386,172.205,164.141,172.0194151,60,0,0.294010785,-0.281791882,0.294010785,0.281791882,1.181818182,1.636363636,2,32.2397825,10.24038874,2.062238957,-1.95062233,2.079489777,-1.964107237,7.854194755,0.482936306,1.860763872,3.201515931,336.453365,8.483127663,5.981359544,6.797856125,4.999018566,3.041398869,4.481462198,2.288118869,3.70965607,1.318842288,2.186726505,0.710238422,1.190259532,-0.87,230.7347201,8.228716683,2.636173638,2.027551906,65.42498124,0,0,0,0,10.11812686,0,4.552749874,0,8.417796984,0,17.69618563,19.05647134,0,4.895483476,12.97054686,10.11812686,0,0,0,11.81922068,0,29.82891977,0,0,0,0,0,0,12.97054686,10.11812686,6.9237372,5.563451492,29.16095175,0,0,0,54.37,10.11812686,8.417796984,0,4.895483476,0,5.563451492,12.13273414,12.13273414,6.9237372,0,4.552749874,29.55154762,0,-0.066574074,0,0.955925926,0,5.987638889,0,1.841044974,-4.019583333,0.142857143,11,1,3,0,0,0,1,0,1,2,1,4,1,0,0,0,1,1.24172,40.9936,0,0,0,0,0,0,0,0,0,0,0,0,0,0,0,0,0,0,0,0,0,0,0,0,0,0,0,0,0,0,1,0,0,0,1,0,0,0,0,0,0,0,0,0,0,0,0,0,0,0,0,0,0,0,0,0,0,0,0,0,0,0,0,0,0,0,0,0,0,0,0,0,0,0,0,0,0,0,0,0,0,0,0,0,0
benzenesulfonic acid,O=S(C1=CC=CC=C1)(O)=O,-2.5,2.330142843,6.446574835,1.44463015,5.084842422,1,0,0,1,10.38842593,10.38842593,0.074074074,-4.002824074,0.618465509,158.178,152.13,158.0037651,54,0,0.294010447,-0.281791884,0.294010447,0.281791884,1.1,1.6,1.9,32.23978242,10.37099082,2.051672148,-1.916684506,2.046019915,-1.957102712,7.854188587,0.482950206,1.882242378,3.218646629,301.0246306,7.612884175,5.058709813,5.875206394,4.605171716,2.630715267,4.070778596,1.788118869,3.20965607,1.04106451,1.908948727,0.592464401,1.093537587,-0.87,165.6373293,7.239529025,2.39739808,1.554107394,59.06003913,0,0,0,0,10.11812686,0,4.552749874,0,8.417796984,0,18.19910121,12.13273414,0,4.895483476,12.97054686,10.11812686,0,0,0,4.895483476,0,30.33183534,0,0,0,0,0,0,12.97054686,10.11812686,0,0,35.22731882,0,0,0,54.37,10.11812686,8.417796984,0,4.895483476,0,0,12.13273414,18.19910121,0,0,4.552749874,29.23805556,0,-0.074074074,0,0,0,7.422175926,0,0,-4.002824074,0,10,1,3,0,0,0,1,0,1,2,1,4,1,0,0,0,1,0.9333,36.2566,0,0,0,0,0,0,0,0,0,0,0,0,0,0,0,0,0,0,0,0,0,0,0,0,0,0,0,0,0,0,0,0,0,0,1,0,0,0,0,0,0,0,0,0,0,0,0,0,0,0,0,0,0,0,0,0,0,0,0,0,0,0,0,0,0,0,0,0,0,0,0,0,0,0,0,0,0,0,0,0,0,0,0,0,0
MsOH,CS(=O)(O)=O,-2.6,2.133257732,3.118498221,1.77777931,4.184069212,0,1,0,1,9.1875,9.1875,0.715277778,-3.666666667,0.413620914,96.107,92.075,95.98811499,32,0,0.261427323,-0.285753247,0.285753247,0.261427323,1.6,1.6,1.6,32.23961221,11.96007093,1.810650576,-1.689208563,1.600488407,-1.875812241,7.84547703,0.490275693,0.721928095,4.062942299,90.06147084,4.5,2.671958467,3.488455048,2,0.92415581,2.772467429,0.733020099,2.199060298,0,0,0,0,-0.09,3.609640474,4.91,0.947955114,1760.99642,30.36788704,0,0,0,0,10.11812686,0,4.552749874,0,8.417796984,0,0,0,0,6.255769184,12.97054686,10.11812686,0,0,0,0,6.255769184,0,0,0,0,0,0,0,19.22631604,10.11812686,0,0,0,0,0,0,54.37,10.11812686,8.417796984,0,0,6.255769184,0,0,0,0,0,4.552749874,25.86805556,0,0,0,0,0,0,0.715277778,0,-3.666666667,1,5,1,3,0,0,0,0,0,0,2,1,4,0,0,0,0,0,-0.496,17.4726,0,0,0,0,0,0,0,0,0,0,0,0,0,0,0,0,0,0,0,0,0,0,0,0,0,0,0,0,0,0,0,0,0,0,0,0,0,0,0,0,0,0,0,0,0,0,0,0,0,0,0,0,0,0,0,0,0,0,0,0,0,0,0,0,0,0,0,0,0,0,0,0,0,0,0,0,0,0,0,0,0,0,0,0,0
HCl,[H]Cl,-8,1.1,1.1,1.3767,2.8767,0,0,0,0,0,0,0,0,0.365164324,36.461,35.453,35.97667771,8,0,-0.146589067,-0.146589067,0.146589067,0.146589067,1,1,1,35.453,35.453,-0.146589067,-0.146589067,0.6895,0.6895,5.853,5.853,0,0,0,0,0.40824829,1.224744871,0,0,0,0,0,0,0,0,0,0.29,0,1.29,1.738275862,10.08310345,13.52157101,0,0,0,0,0,0,0,0,0,12.40703316,0,0,0,0,0,12.40703316,0,0,0,0,0,0,0,0,0,0,0,12.40703316,0,0,0,0,0,0,0,0,0,0,0,0,12.40703316,0,0,0,0,0,0,0,0,0,0,0,0,0,0,0,0,0,0,1,0,0,0,0,0,0,0,0,0,0,1,0,0,0,0,0,0.4218,7.248,0,0,0,0,0,0,0,0,0,0,0,0,0,0,0,0,0,0,0,0,0,0,0,0,0,0,0,0,0,0,0,0,0,0,0,0,0,0,0,0,0,0,0,0,1,0,0,0,0,0,0,0,0,0,0,0,0,0,0,0,0,0,0,0,0,0,0,0,0,0,0,0,0,0,0,0,0,0,0,0,0,0,0,0,0
HBF4,F[B-](F)(F)F.[H+],-10.3,2.129418237,2.849358647,1.452552787,3.83051202,0,0,1,0,9.75,9.75,0,-6,0.309821163,87.812,86.804,88.01074331,32,0,1,-0.41830328,1,0.41830328,1,1,1,19.46335556,1.007999715,2.201690047,-1.943777177,2.061203421,-2.018801095,6.496707122,0.368290239,0.721928095,0,23.01955001,4.5,3.089208161,2.089208161,2,0.872871561,0.872871561,0.494871659,0.494871659,0,0,0,0,-0.215064935,3.609640474,4.784935065,0.877185821,260.7138249,27.37646105,17.26263557,0,0,0,0,8.681046418,0,0,0,0,0,0,0,0,18.68927364,7.254408353,0,0,0,0,0,0,0,0,0,17.26263557,0,0,7.254408353,0,0,1.426638065,0,0,0,0,0,7.254408353,17.26263557,0,1.426638065,0,0,0,0,0,0,0,39,0,0,0,0,0,0,0,0,-6,0,5,0,0,0,0,0,0,0,0,0,0,5,0,0,0,0,0,1.4125,11.298,0,0,0,0,0,0,0,0,0,0,0,0,0,0,0,0,0,0,0,0,0,0,0,0,0,0,0,0,0,0,0,0,0,0,0,0,0,0,0,0,0,0,0,0,4,0,0,0,0,0,0,0,0,0,0,0,0,0,0,0,0,0,0,0,0,0,0,0,0,0,0,0,0,0,0,0,0,0,0,0,0,0,0,0,0
camphorsulfonic acid,CC1(C)[C@]2([H])CC[C@@]1(CS(O)(=O)=O)C(C2)=O,1.2,2.804870261,6.679926368,1.543949841,5.806907891,0,1,0,1,11.87548611,11.87548611,0.015162037,-4.076203704,0.72768097,232.301,216.173,232.07693,86,0,0.265369142,-0.299014049,0.299014049,0.265369142,1.466666667,2.066666667,2.4,32.23974042,9.701613289,2.647475497,-2.347143899,2.636166358,-2.415245148,7.853789844,-0.127600705,2.338872798,2.446514289,409.1383256,11.48312766,8.985984151,9.802480732,6.690105582,5.174538686,6.783703994,5.392945511,6.845449216,4.567948901,5.425549886,3.419554854,4.719643992,-0.42,1800.932055,11.07700004,2.825351778,1.360910254,89.80222586,0,5.783244946,0,0,10.11812686,0,9.347287058,0,8.417796984,0,13.8474744,24.17453976,6.420821623,11.16784408,17.76508404,15.90137181,0,0,16.74788698,33.10993927,5.752853607,0,0,0,0,0,0,0,24.50664541,14.91266404,16.74788698,33.10993927,0,0,0,0,71.44,21.28597094,13.21233417,0,17.11614146,12.84164325,6.420821623,0,0,13.8474744,0,4.552749874,30.97590278,0,11.87548611,0,-1.119907407,-0.101273148,0,1.972291667,3.89037037,-4.076203704,0.9,15,1,4,2,0,2,0,0,0,3,1,5,2,2,0,2,2,1.2696,54.9776,0,0,0,0,0,0,0,0,0,0,1,1,0,0,0,0,0,0,0,0,0,0,0,0,0,0,0,0,0,0,0,0,0,0,0,0,2,0,0,0,0,0,0,0,0,0,0,0,0,0,0,1,1,0,0,0,0,0,0,0,0,0,0,0,0,0,0,0,0,0,0,0,0,0,0,0,0,0,0,0,0,0,0,0,0
pentafluorophenol,OC1=C(F)C(F)=C(F)C(F)=C1F,5.3,1.700273531,3.844245157,1.367273512,7.362369958,1,0,0,1,12.16074074,12.16074074,1.869074074,-2.289074074,0.371499354,184.063,183.055,183.9947558,66,0,0.206254381,-0.502620166,0.502620166,0.206254381,0.583333333,0.833333333,1.166666667,19.17821204,10.25455446,2.244175178,-2.004060304,2.2673292,-1.995111999,5.274664566,0.324982199,2.081571824,3.603567451,230.2032248,9.464101615,5.337035961,5.337035961,5.464101615,2.66851798,2.66851798,1.91851798,1.91851798,1.186631558,1.186631558,0.593315779,0.593315779,-1.33,416.3143648,8.763720712,2.615733349,0.99244577,63.05331389,5.106527395,0,5.749511833,29.08610421,0,0,0,13.17124514,8.780830095,0,0,0,0,0,27.05860263,0,0,0,0,0,0,29.08610421,0,5.749511833,0,21.95207524,5.749511833,0,5.106527395,0,29.08610421,0,0,0,0,0,20.23,34.83561604,21.95207524,0,0,0,0,0,0,0,0,5.106527395,60.64425926,0,0,8.295740741,0,-12.94,0,0,0,0,0,12,1,1,0,0,0,1,0,1,1,1,6,0,0,0,0,1,2.0877,27.8968,0,0,0,0,0,0,0,1,0,0,0,0,0,0,0,0,0,0,0,0,0,0,0,0,0,0,0,0,0,0,0,0,0,0,1,0,0,0,0,0,0,0,0,0,5,0,0,0,0,0,0,0,0,0,0,0,0,0,0,0,0,0,0,0,0,1,1,0,0,0,0,0,0,0,0,0,0,0,0,0,0,0,0,0,0
TfOH,O=S(O)(C(F)(F)F)=O,-14,2.378429638,4.159371317,1.449892021,5.350400826,0,1,1,1,10.72453704,10.72453704,5.534722222,-5.840277778,0.401176988,150.077,149.069,149.9598496,50,0,0.522349995,-0.278599337,0.522349995,0.278599337,1.25,1.375,1.375,32.24019285,11.55809604,2.439308693,-1.970562926,2.200002377,-2.20960123,7.86207468,-0.050983158,1.253297578,4.53478471,163.4577817,7,3.305851886,4.122348467,3.25,1.286978374,2.727041703,0.920807079,2.333849809,0.29249207,0.877476211,0,0,-0.3,21.30605883,7.7,1.590203813,1.663535474,42.86449325,0,0,0,0,0,15.62645736,4.552749874,0,21.58904213,0,0,0,0,0,26.141792,10.11812686,0,0,0,5.508330501,0,0,0,0,0,13.17124514,0,0,18.47887736,10.11812686,0,0,0,0,0,0,54.37,15.62645736,13.17124514,0,0,0,0,0,0,0,0,12.97054686,57.54166667,0,0,0,-5.534722222,0,0,0,0,-5.840277778,1,8,1,3,0,0,0,0,0,0,2,1,7,0,0,0,0,0,0.394,17.6036,0,0,0,0,0,0,0,0,0,0,0,0,0,0,0,0,0,0,0,0,0,0,0,0,0,3,0,0,0,0,0,0,0,0,0,0,0,0,0,0,0,0,0,0,3,0,0,0,0,0,0,0,0,0,0,0,0,0,0,0,0,0,0,0,0,0,0,0,0,0,0,0,0,0,0,0,0,0,0,0,0,0,0,0,0
HBr,[H]Br,-9,1.1,1.1,1.532216,3.032216,0,0,0,0,0,0,0,0,0.399655785,80.912,79.904,79.92616213,8,0,-0.113602333,-0.113602333,0.113602333,0.113602333,1,1,1,79.904,79.904,-0.113602333,-0.113602333,0.8456,0.8456,8.927,8.927,0,0,0,0,0.40824829,2.121320344,0,0,0,0,0,0,0,0,0,0.48,0,1.48,0.563333333,4.813333333,17.88117987,0,0,0,0,0,0,0,0,0,16.98145085,0,0,0,0,0,16.98145085,0,0,0,0,0,0,0,0,0,0,0,16.98145085,0,0,0,0,0,0,0,0,0,0,0,0,16.98145085,0,0,0,0,0,0,0,0,0,0,0,0,0,0,0,0,0,0,1,0,0,0,0,0,0,0,0,0,0,1,0,0,0,0,0,0.5779,10.322,0,0,0,0,0,0,0,0,0,0,0,0,0,0,0,0,0,0,0,0,0,0,0,0,0,0,0,0,0,0,0,0,0,0,0,0,0,0,0,0,0,0,0,0,1,0,0,0,0,0,0,0,0,0,0,0,0,0,0,0,0,0,0,0,0,0,0,0,0,0,0,0,0,0,0,0,0,0,0,0,0,0,0,0,0
HPF6,F[P-](F)(F)(F)(F)F.[H+],-20,2.218489166,3.143956343,1.683705126,5.100552521,0,0,1,0,10.65740741,9.865740741,0,-10.65740741,0.361996093,145.97,144.962,145.972006,48,0,1,1,1,1,0.714285714,0.714285714,0.714285714,,,,,,,,,0.591672779,0,67.09358393,6.40824829,3.715000434,3.609427625,2.449489743,1.014185106,3.042555317,0.958314847,2.874944542,0,0,0,0,0.01,4.14170945,7.01,0.669558518,966414.01,35.840735,0,0,0,0,0,34.41658095,0,0,0,0,0,0,0,0,26.60807186,7.808509084,0,0,0,0,0,0,0,0,0,25.1814338,0,7.808509084,0,0,0,1.426638065,0,0,0,0,0,7.808509084,25.1814338,0,1.426638065,0,0,0,0,0,0,0,59.19444444,0,0,0,0,0,0,0,0,-10.65740741,0,7,0,0,0,0,0,0,0,0,0,0,7,0,0,0,0,0,3.4949,14.68,0,0,0,0,0,0,0,0,0,0,0,0,0,0,0,0,0,0,0,0,0,0,0,0,0,0,0,0,0,0,0,0,0,0,0,0,0,0,0,0,0,0,0,0,6,0,0,0,0,0,0,0,0,0,0,0,0,0,0,0,0,0,0,0,0,0,0,0,0,0,0,0,0,0,0,0,0,0,0,0,0,0,0,0,0
TFA,O=C(O)C(F)(F)F,0.23,1.87545494,3.863376952,1.22513215,5.112954853,0,1,0,0,10.5787037,10.5787037,2.756944444,-5.083333333,0.501116333,114.022,113.014,113.9928639,42,0,0.490240318,-0.474581172,0.490240318,0.474581172,1.428571429,1.571428571,1.571428571,19.41347752,10.68908932,2.37793207,-1.93291078,2.125476694,-2.205506156,5.725843496,-0.192461792,1.314320487,3.791118417,83.42592197,6.077350269,2.989355305,2.989355305,2.943375673,1.244677652,1.244677652,0.802911633,0.802911633,0.242500651,0.242500651,0,0,-0.74,17.08616633,6.26,1.399087407,2.020456274,36.5565552,5.106527395,0,0,0,0,12.14560381,0,4.794537184,13.17124514,0,0,0,0,0,23.07230972,5.969305288,0,0,0,6.176298517,0,0,0,0,0,13.17124514,0,0,17.2521312,4.794537184,0,0,0,0,0,0,37.3,12.14560381,13.17124514,0,0,0,0,0,0,0,0,9.901064579,31.73611111,0,8.895833333,7.125,0,-2.756944444,0,-5.083333333,0,0,0.5,7,1,2,0,0,0,0,0,0,1,1,5,0,0,0,0,0,0.6333,13.6908,1,0,0,0,0,0,0,0,1,1,1,0,0,0,0,0,0,0,0,0,0,0,0,0,0,3,0,0,0,0,0,0,0,0,0,0,0,0,0,0,0,0,0,0,3,0,0,0,0,0,0,0,0,0,0,0,0,0,0,0,0,0,0,0,0,0,0,0,0,0,0,0,0,0,0,0,0,0,0,0,0,0,0,0,0
H3PO4,O=P(O)(O)O,2.1,2.241554619,3.233962057,1.484133468,4.65505316,0,0,0,0,8.881944444,8.881944444,4.638888889,-4.638888889,0.341890659,97.994,94.97,97.97689521,32,0,0.466474047,-0.302763082,0.466474047,0.302763082,1.2,1.2,1.2,31.20422829,15.77169692,1.997350902,-1.820251816,2.25343628,-1.655258218,7.447133331,0.275140979,0.721928095,3.472066496,49.78353987,4.5,2.197102672,3.091529863,2,0.782574186,2.347722558,0.513277132,1.539831395,0,0,0,0,0.11,3.609640474,5.11,1.064829758,1512.242231,28.30662084,14.68023481,0,0,0,0,7.822697123,0,4.565048285,0,0,0,0,0,0,19.24528309,7.822697123,0,0,0,0,0,0,0,0,0,0,0,7.822697123,14.68023481,4.565048285,0,0,0,0,0,0,77.76,7.822697123,0,0,0,0,0,0,0,0,0,19.24528309,8.881944444,0,21.5625,0,0,0,0,0,0,-4.638888889,0,5,3,4,0,0,0,0,0,0,1,3,5,0,0,0,0,0,-0.9286,14.2629,0,0,0,0,0,0,0,0,0,0,0,0,0,0,0,0,0,0,0,0,0,0,0,0,0,0,0,0,0,0,0,0,0,0,0,0,0,0,0,0,0,0,0,0,0,0,0,0,0,0,0,0,0,0,0,0,0,0,0,0,0,0,0,0,0,0,0,1,0,0,0,0,0,0,0,0,0,0,0,0,0,0,0,0,0
HClO4,O=Cl(=O)(O)=O,-10,2.177181865,3.089185767,1.445801373,4.004810208,0,0,0,0,8.604166667,8.604166667,4.694444444,-4.694444444,0.334871745,100.457,99.449,99.95633619,32,0,0.077651166,-0.183332541,0.183332541,0.077651166,1.2,1.2,1.2,35.65651557,15.79848443,1.983567036,-2.026689017,1.604119057,-2.583037596,2.151256801,-1.922159373,0.721928095,3.023715784,19.11941548,4.5,2.04992294,2.805851886,2,0.631940901,1.895822702,0.396001904,1.188005713,0,0,0,0,0.13,3.609640474,5.13,1.076757183,1108.721716,30.01190219,0,0,0,0,0,0,0,0,13.97698325,0,0,0,0,14.90213472,28.87911797,0,0,0,0,0,0,0,0,0,13.97698325,0,0,0,4.658994417,0,10.2431403,0,0,0,0,0,89.41,10.2431403,0,0,0,0,0,0,0,0,0,18.63597767,32.72222222,0,0,0,0,0,0,0,0,-4.694444444,0,5,1,4,0,0,0,0,0,0,4,1,5,0,0,0,0,0,-4.124,2.2188,0,0,0,0,0,0,0,0,0,0,0,0,0,0,0,0,0,0,0,0,0,0,0,0,0,0,0,0,0,0,0,0,0,0,0,0,0,0,0,0,0,0,0,0,1,0,0,0,0,0,0,0,0,0,0,0,0,0,0,0,0,0,0,0,0,0,0,0,0,0,0,0,0,0,0,0,0,0,0,0,0,0,0,0,0
HI,[H]I,-9.5,1.1,1.1,1.732844,3.232844,0,0,0,0,0,0,0,0,0.419126524,127.912,126.904,127.912298,8,0,-0.107464557,-0.107464557,0.107464557,0.107464557,1,1,1,126.904,126.904,-0.107464557,-0.107464557,0.8857,0.8857,14.02,14.02,0,0,0,0,0.40824829,2.738612788,0,0,0,0,0,0,0,0,0,0.73,0,1.73,0.099863014,2.209452055,24.51227018,0,0,0,0,0,0,0,0,0,23.97664013,0,0,0,0,0,23.97664013,0,0,0,0,0,0,0,0,0,0,0,23.97664013,0,0,0,0,0,0,0,0,0,0,0,0,23.97664013,0,0,0,0,0,0,0,0,0,0,0,0,0,0,0,0,0,0,1,0,0,0,0,0,0,0,0,0,0,1,0,0,0,0,0,0.618,15.415,0,0,0,0,0,0,0,0,0,0,0,0,0,0,0,0,0,0,0,0,0,0,0,0,0,0,0,0,0,0,0,0,0,0,0,0,0,0,0,0,0,0,0,0,1,0,0,0,0,0,0,0,0,0,0,0,0,0,0,0,0,0,0,0,0,0,0,0,0,0,0,0,0,0,0,0,0,0,0,0,0,0,0,0,0
diphenyl hydrogen phosphate,O=P(OC1=CC=CC=C1)(OC2=CC=CC=C2)O,1.9,2.489552557,7.430094589,1.499064874,8.712465927,1,0,0,0,11.66380385,11.66380385,0.286355978,-4.13632716,0.846056262,250.19,239.102,250.0394955,88,0,0.584400053,-0.395201962,0.584400053,0.395201962,0.764705882,1.117647059,1.470588235,31.20469415,10.34559819,2.240786194,-2.128283812,2.434901789,-1.988907884,7.478393862,0.290720138,2.299256476,2.074980323,467.0435424,12.13998191,8.892674754,9.787101945,8.156596524,4.977338053,6.472783168,3.277235017,4.579494933,1.927949698,2.811028432,1.247753977,2.061281019,-1.77,7983.018486,11.70772907,5.040175548,3.625358724,99.05943221,9.047494323,11.49902367,0,0,0,7.822697123,4.893411603,4.565048285,0,0,36.39820241,24.26546827,0,0,18.50595421,7.822697123,0,0,0,0,0,60.66367068,0,11.49902367,9.047494323,0,11.49902367,7.822697123,4.893411603,4.565048285,0,0,60.66367068,0,0,0,55.76,7.822697123,9.458459888,0,11.49902367,0,0,0,60.66367068,0,0,9.047494323,21.4530839,0,9.532431973,0,0,0.572711955,16.71698822,0,0,-4.13632716,0,17,1,4,0,0,0,2,0,2,3,1,5,4,0,0,0,2,3.2448,63.9653,0,0,0,0,0,0,0,0,0,0,0,0,0,0,0,0,0,0,0,0,0,0,0,0,0,0,0,0,0,0,0,0,0,0,2,0,0,0,0,0,0,0,0,0,0,0,0,0,0,0,0,0,0,0,0,0,0,0,0,0,0,0,0,0,2,0,0,1,1,0,0,0,0,0,0,0,0,0,0,0,0,0,0,0,0
HNTf2,O=S(NS(=O)(C(F)(F)F)=O)(C(F)(F)F)=O,4.2,2.395944172,6.041501175,1.455303438,6.450645253,0,1,0,1,11.46967593,11.46967593,0.493055556,-6.596527778,0.736923753,281.155,280.147,280.9251188,92,0,0.51194306,-0.201824705,0.51194306,0.201824705,0.666666667,0.866666667,1,32.28904246,11.55699902,2.548423238,-2.108967204,2.267857578,-2.4513038,8.050276614,-0.047595667,1.772997242,5.284512596,384.7328028,12.70710678,6.217276581,7.850269743,6.207106781,2.617056667,5.583383162,1.981688387,5.587922304,0.828835595,3.803003365,0.238921389,2.1502925,-0.56,484.0282471,14.44,3.482071033,3.201371711,79.16881953,0,0,0,0,0,31.06324331,0,16.83559397,26.34249029,0,4.127401125,0,0,0,43.17808425,20.04658231,0,4.127401125,0,11.016661,0,0,0,0,4.127401125,26.34249029,0,0,27.85225497,20.04658231,0,0,0,0,0,0,80.31,35.19064443,43.17808425,0,0,0,0,0,0,0,0,0,108.3213889,0,0,0,-12.295,0,0,0,0,-13.19305556,1,15,1,5,0,0,0,0,0,0,4,1,13,2,0,0,0,0,0.2752,33.0853,0,0,0,0,0,0,0,0,0,0,0,0,0,0,0,0,1,0,0,0,0,0,0,0,0,6,0,0,0,0,0,0,0,0,0,0,0,0,0,0,0,0,0,0,6,0,0,0,0,0,0,0,0,0,0,0,0,0,0,0,0,0,0,0,0,0,0,0,0,0,0,0,0,0,0,0,2,0,0,0,0,0,0,0,0
Pyridinium p-toluene sulfonate,O=S(C1=CC=CC=C1C2=CN=NC(C3=NC=C(C4=CC=CC=C4S(=O)([O-])=O)C=C3)=N2)([O-])=O.[Na+].[Na+],5.21,1.995351888,12.57199871,1.461376086,14.32420984,1,0,0,1,11.55544032,11.55544032,0,-4.739973472,0.189677362,514.452,502.356,513.9993647,162,0,1,-0.744019448,1,0.744019448,0.647058824,1.205882353,1.764705882,,,,,,,,,2.780964892,2.04E-06,1532.961031,22.93251065,17.98304394,23.6160371,15.14299642,8.911807671,11.72830425,6.497901667,9.194051059,4.451165248,6.24050745,3.046677077,4.43432339,-1.58,13686563.21,28.65579627,11.43717898,6.344583326,239.5338025,9.105499747,25.93018171,0,5.824404498,0,59.11457207,4.983978521,21.81957249,5.098681808,5.098681808,42.46456948,18.19910121,22.88719805,21.68173852,85.05566578,20.23625372,0,20.16532066,0,9.790966951,0,73.05735783,0,33.90261496,59.11457207,0,0,0,46.10641437,20.23625372,0,0,82.84832478,0,33.90261496,0,165.96,25.13173719,25.94109372,0,92.34921901,5.563451492,0,54.85825662,18.19910121,0,20.16532066,0,69.21560483,0,7.663801938,7.706713211,1.024236434,0.052668087,14.35496061,2.572088194,0,-9.423406639,0,34,0,10,0,0,0,2,2,4,10,0,14,5,0,0,0,4,-3.9162,109.8564,0,0,0,0,0,4,0,0,0,0,0,0,0,0,0,4,0,0,0,0,0,0,0,0,0,0,0,0,0,0,0,0,0,0,2,0,0,0,0,0,0,0,0,0,0,0,0,0,0,0,0,0,0,0,0,0,0,0,0,0,0,0,0,0,0,0,0,0,0,0,0,0,0,1,0,0,0,0,0,0,0,0,0,0,0
tetrabutylammonium hydrogensulfate,CCCC[N+](CCCC)(CCCC)CCCC.[O-]S(=O)(O)=O,0,1.99732383,8.691149304,1.519785644,10.89619246,0,1,0,1,8.631944444,8.631944444,1.3515625,-4.916666667,0.330951593,339.542,302.246,339.2443297,136,0,0.214602929,-0.725666618,0.725666618,0.214602929,0.727272727,0.909090909,1.045454545,32.25161978,10.12017551,2.241225011,-2.390426755,2.159435892,-2.502894023,7.793711471,-0.928665881,2.438927143,0,285.5277325,17.48528137,15.01270173,15.82919831,10.24264069,8.775912375,10.14106075,6.078012483,6.933474369,3.944035691,3.944035691,2.644916712,2.644916712,-0.17,25913.60089,24.08722931,14.42402989,17.88042864,137.8208927,9.035780731,0,0,10.39900058,0,0,4.552749874,8.417796984,0,0,53.37823529,25.68328649,0,26.17902562,22.00632759,10.39900058,0,0,0,79.06152178,26.17902562,0,0,0,0,0,0,0,48.18535321,10.39900058,0,79.06152178,0,0,0,0,77.43,10.39900058,0,0,0,0,0,82.02862946,0,0,27.6949488,17.52329673,34.25333333,0,0,0,0,0,0,11.0615788,15.0184212,-4.916666667,1,22,1,5,0,0,0,0,0,0,3,1,6,12,0,0,0,0,4.0082,91.6864,0,0,0,0,0,0,0,0,0,0,0,0,0,0,0,1,0,0,0,0,0,0,0,0,0,0,0,0,0,0,0,0,0,0,0,0,0,0,0,0,0,0,0,0,0,0,0,0,0,0,0,0,0,0,0,0,0,0,0,0,0,0,0,0,0,0,0,0,0,0,0,0,0,0,1,0,0,0,0,0,0,0,0,0,0
chiral BINOL phosphoric acid,O=P(OC1=CC=C2C(C=CC=C2)=C31)(O)OC4=C3C(C=CC=C5)=C5C=C4,1.1,2.510060061,9.196436729,1.497333711,10.92054563,1,0,0,0,12.36263291,12.36263291,0.346885551,-4.250665391,0.4244773,348.294,335.19,348.0551455,122,0,0.584443404,-0.394506056,0.584443404,0.394506056,0.64,1.08,1.56,31.20469497,9.922103108,2.332112242,-2.126304774,2.561105524,-1.970272143,7.479107771,0.294429608,2.734690141,2.022242938,1107.636866,17.01829709,13.04737529,13.94180248,12.12292302,7.882038591,9.377483706,5.970799062,7.273058978,4.459005432,5.313839842,3.438170144,4.276862607,-2.81,884483.567,14.52607288,5.091198273,2.227328254,143.4169301,9.047494323,11.49902367,0,0,0,7.822697123,4.893411603,4.565048285,0,0,60.66367068,33.67763099,11.12690298,0,18.50595421,29.36759398,0,0,0,0,0,72.79640482,0,22.62592665,9.047494323,0,11.49902367,7.822697123,4.893411603,4.565048285,0,0,72.79640482,0,32.67179984,0,55.76,7.822697123,9.458459888,0,0,11.49902367,32.67179984,0,12.13273414,60.66367068,0,9.047494323,23.10799619,0,10.10325334,3.947239544,1.549398148,0.693771101,22.98789596,0,0,-4.250665391,0,25,1,4,0,1,1,4,0,4,3,1,5,0,0,0,0,5,5.5316,97.9713,0,0,0,0,0,0,0,0,0,0,0,0,0,0,0,0,0,0,0,0,0,0,0,0,0,0,0,0,0,0,0,0,0,0,4,0,7,0,0,0,0,0,0,0,0,0,0,0,0,0,0,0,0,0,0,0,0,0,0,0,0,0,0,0,0,0,0,1,1,0,0,0,0,0,0,0,0,0,0,0,0,0,0,0,0
