<?xml version="1.0" encoding="UTF-8"?>
<PeakList>
  <PeakList1D>
    <PeakList1DHeader creator="nmrsu" date="2023-04-20T13:52:06.768+01:00" expNo="10" name="Apr20-2023" owner="" procNo="1" source="/opt/topspin/data/msci/nmr">
      <PeakPickDetails>F1=16.008020ppm, F2=-4.008018ppm, MI=0.30cm, MAXI=10000.00cm, PC=1.000
      </PeakPickDetails>
    </PeakList1DHeader>
    <Peak1D F1="7.808289" intensity="3.671416e-01" type="0"/>
    <Peak1D F1="7.790550" intensity="4.236970e-01" type="0"/>
    <Peak1D F1="7.779276" intensity="3.974603e-01" type="0"/>
    <Peak1D F1="7.761800" intensity="4.261902e-01" type="0"/>
    <Peak1D F1="7.720564" intensity="1.400567e+00" type="0"/>
    <Peak1D F1="7.702762" intensity="1.695604e+00" type="0"/>
    <Peak1D F1="7.699496" intensity="1.457246e+00" type="0"/>
    <Peak1D F1="7.690619" intensity="1.469401e+00" type="0"/>
    <Peak1D F1="7.672820" intensity="1.653233e+00" type="0"/>
    <Peak1D F1="7.592252" intensity="4.383197e-01" type="0"/>
    <Peak1D F1="7.567494" intensity="1.684030e+00" type="0"/>
    <Peak1D F1="7.554298" intensity="1.596656e+00" type="0"/>
    <Peak1D F1="7.549323" intensity="1.832781e+00" type="0"/>
    <Peak1D F1="7.512330" intensity="1.689986e+00" type="0"/>
    <Peak1D F1="7.505716" intensity="1.789613e+00" type="0"/>
    <Peak1D F1="7.493214" intensity="2.329824e+00" type="0"/>
    <Peak1D F1="7.486601" intensity="2.238487e+00" type="0"/>
    <Peak1D F1="7.475284" intensity="9.714724e-01" type="0"/>
    <Peak1D F1="7.468315" intensity="8.780055e-01" type="0"/>
    <Peak1D F1="7.402781" intensity="5.017097e-01" type="0"/>
    <Peak1D F1="7.391112" intensity="3.769484e-01" type="0"/>
    <Peak1D F1="7.368716" intensity="9.408430e-01" type="0"/>
    <Peak1D F1="7.349961" intensity="1.688677e+00" type="0"/>
    <Peak1D F1="7.330590" intensity="9.881465e-01" type="0"/>
    <Peak1D F1="7.285018" intensity="1.500000e+01" type="0"/>
    <Peak1D F1="7.248706" intensity="5.360364e-01" type="0"/>
    <Peak1D F1="7.230305" intensity="7.611037e-01" type="0"/>
    <Peak1D F1="6.772989" intensity="9.003458e-01" type="0"/>
    <Peak1D F1="1.622164" intensity="1.864156e+00" type="0"/>
    <Peak1D F1="1.608751" intensity="9.316089e+00" type="0"/>
    <Peak1D F1="1.471674" intensity="5.509084e-01" type="0"/>
    <Peak1D F1="1.466419" intensity="5.553539e-01" type="0"/>
    <Peak1D F1="1.452552" intensity="9.639558e-01" type="0"/>
    <Peak1D F1="1.447496" intensity="9.929827e-01" type="0"/>
    <Peak1D F1="1.441274" intensity="4.698138e-01" type="0"/>
    <Peak1D F1="1.433251" intensity="8.233617e-01" type="0"/>
    <Peak1D F1="1.427874" intensity="7.825819e-01" type="0"/>
    <Peak1D F1="1.369610" intensity="3.228194e-01" type="0"/>
    <Peak1D F1="1.313773" intensity="3.825289e-01" type="0"/>
    <Peak1D F1="1.298129" intensity="4.117320e-01" type="0"/>
    <Peak1D F1="1.276965" intensity="8.408824e-01" type="0"/>
    <Peak1D F1="1.221693" intensity="8.362315e-01" type="0"/>
    <Peak1D F1="1.217913" intensity="8.603468e-01" type="0"/>
    <Peak1D F1="1.198473" intensity="1.064619e+00" type="0"/>
    <Peak1D F1="1.183132" intensity="6.505118e-01" type="0"/>
    <Peak1D F1="0.906958" intensity="3.455585e-01" type="0"/>
  </PeakList1D>
</PeakList>
